roof_norm,attempts,makes,avg_dist,fg_pct
indoor,1232,1041,38.5,0.8449675324675324
outdoor,3906,3284,38.014592933947775,0.840757808499744
